<?xml version="1.0" encoding="UTF-8"?>
<users>
<user><username>TEST1</username><password>$2y$10$XOdnJdUAYzPBi5wAh88USettsibeIqAzIUUtZWNH3MjbPTkgDQBPe</password><role>user</role><email>crisis1999@wp.pl</email></user><user><username>TEST2</username><password>$2y$10$hVg2vs20YhzsoeXTmQT7Yu06ojsWYkgN4Q9ys3e3UyUNg/qdwIIO2</password><role>user</role><email>dagmara6661@o2.pl</email></user><user><username>TEST1</username><password>$2y$10$HGmHx3jw6OzAspLE9AtV5eeUHio00k7GrHT4/s14laQa1bVP0DoKi</password><role>user</role><email>crisis1999@wp.pl</email></user><user><username>TEST2</username><password>$2y$10$SdtI8baHx901H042cdXsSOaWYwvMW2X9X474I27cDyIbbf.12yaGW</password><role>user</role><email>artur9940@o2.pl</email></user><user><username>KAROL</username><password>$2y$10$aoMZiSFMVmSJYogxHDj/fuk4RaxBv57gN9iG54oF8KEtdd67mP1iO</password><role>user</role><email>karolkoodynski@gmail.com</email></user><user><username>karol666</username><password>$2y$10$w/W3c.TPy3mc5lOV0ePwO.UdkTb5fD05TpK1e2905WXh12ttPOkRe</password><role>user</role><email>karo.kolodynski1065@student.po.edu.pl</email></user><user><username>TEST123</username><password>$2y$10$vpszoKHFZZ/158kBH0I/z.DwFe0RTKVg4xP.WcaWspMAQzc9BkUzK</password><role>user</role><email>seksidupa666@op.pl12</email></user><user><username>karol</username><password>$2y$10$RsbiKgQOkkGem6e8a0p0XO9dDddeF2kDZXr1JB/XMfc6lcxQD3kd.</password><role>user</role><email>karolkoodynski@gmail.com</email></user><user><username>karol</username><password>$2y$10$4OqZSv7/Z6vD7.f1KgC2i.f2uFZKdkUE0QxPAbTLQtUrOxZFcW9Ty</password><role>user</role><email>karolkoodynski@gmail.com</email></user><user><username>karol2</username><password>$2y$10$fNc5D4Gu1563QO.6ZfClAe9ZjgeJmPT/HkgsuYaIn2QP.nFNZoQ.O</password><role>user</role><email>karo.kolodynski1065@student.po.edu.pl</email></user><user><username>ADAM</username><password>$2y$10$t/whhO3j7eot1gYkbNo11eXbhlRa5utR.5mjR399LYA42lAcv0sQq</password><role>user</role><email>crisis1999@wp.pl</email></user></users>
